index,test_rsrp,pred_rsrp
0,-92.5,-95.363976
1,-90.33,-94.646904
2,-96.86,-84.476524
3,-92.5,-100.62757
4,-94.22,-97.99935
5,-95.2,-84.47781
6,-100.5,-100.71008
7,-94.74,-98.48267
8,-98.0,-86.39998
9,-74.0,-100.38078
10,-79.0,-100.41853
11,-93.0,-100.46158
12,-93.4,-100.40584
13,-95.2,-98.085075
14,-95.18,-98.259705
15,-84.55,-98.55819
16,-92.56,-98.70578
17,-93.14,-98.546844
18,-79.0,-98.2909
19,-96.25,-100.36936
20,-92.0,-98.28831
21,-88.0,-100.41631
22,-98.47,-94.353355
23,-100.73,-94.882545
24,-102.5,-95.007286
25,-103.11,-94.590744
26,-84.8,-101.07313
27,-83.5,-101.07313
28,-85.5,-101.07313
29,-108.67,-101.07313
30,-99.5,-95.842
31,-81.5,-87.5902
32,-91.0,-91.46226
33,-102.75,-99.11748
34,-103.78,-100.86633
35,-92.44,-100.84667
36,-95.33,-100.84197
37,-103.0,-98.97859
38,-109.31,-100.93139
39,-109.0,-101.0304
40,-99.5,-101.03971
41,-98.0,-100.97906
42,-79.5,-89.08555
43,-77.33,-88.58473
44,-98.71,-94.59857
45,-90.67,-89.46354
46,-88.25,-90.187454
47,-87.0,-89.278755
48,-83.11,-88.332794
49,-92.67,-90.68473
50,-79.86,-88.152794
51,-81.5,-101.07313
52,-88.0,-101.07313
53,-87.67,-101.07313
54,-83.5,-101.07313
55,-79.0,-101.07313
56,-80.0,-101.07313
57,-98.5,-101.07313
58,-101.0,-101.07313
59,-95.2,-96.28179
60,-97.22,-96.77513
61,-97.5,-97.27453
62,-96.69,-95.738716
63,-95.83,-96.05253
64,-103.0,-96.923
65,-117.0,-101.07313
66,-91.5,-101.07313
67,-95.33,-97.06684
68,-94.0,-95.611
69,-95.5,-95.03912
70,-94.5,-100.9453
71,-98.0,-97.4061
72,-103.67,-98.75359
73,-96.0,-100.94947
74,-100.5,-100.17277
75,-89.5,-101.07313
76,-87.0,-101.07313
77,-113.5,-101.07313
78,-84.5,-101.07313
79,-90.0,-101.07313
80,-99.5,-101.07313
81,-107.4,-100.93714
82,-109.0,-101.032234
83,-108.0,-100.941284
84,-90.5,-99.79192
85,-102.75,-100.94832
86,-98.0,-94.459145
87,-97.0,-94.10793
88,-98.22,-93.85562
89,-95.79,-100.15952
90,-93.0,-99.22795
91,-80.5,-94.044174
92,-96.0,-99.91915
93,-90.5,-99.62921
94,-87.5,-101.07313
95,-103.5,-101.07313
96,-93.5,-101.07313
97,-91.5,-101.00683
98,-90.0,-85.08069
99,-95.0,-97.69471
100,-98.2,-97.55225
101,-90.5,-90.35757
102,-89.0,-90.58914
103,-101.0,-92.27592
104,-97.0,-95.10507
105,-86.25,-101.07313
106,-85.67,-101.07313
107,-83.5,-101.07313
108,-80.0,-101.07313
109,-85.0,-101.07313
110,-109.95,-100.92567
111,-111.8,-100.9047
112,-101.0,-94.29808
113,-90.5,-87.59724
114,-99.73,-94.919334
115,-102.0,-94.5573
116,-97.75,-94.423164
117,-100.86,-94.93154
118,-86.0,-101.07313
119,-87.0,-101.07313
120,-90.5,-101.07313
121,-82.14,-101.07313
122,-83.6,-101.07313
123,-81.86,-101.07313
124,-103.67,-101.07313
125,-81.5,-101.07313
126,-87.33,-101.07313
127,-106.0,-101.07313
128,-80.6,-101.07313
129,-94.0,-101.07313
130,-78.6,-91.750465
131,-82.5,-91.17054
132,-79.43,-94.74332
133,-74.0,-90.2925
134,-90.62,-93.12697
135,-92.2,-95.309135
136,-83.5,-93.90095
137,-76.67,-84.918495
138,-78.14,-91.074295
139,-82.25,-84.4281
140,-80.5,-87.73776
141,-86.0,-89.52069
142,-111.33,-95.79933
143,-95.86,-98.60311
144,-104.5,-94.49957
145,-91.5,-100.89016
146,-99.57,-100.81821
147,-101.5,-99.41123
148,-95.5,-99.94128
149,-93.5,-99.94105
150,-110.2,-101.02853
151,-107.68,-101.03438
152,-111.5,-101.03673
153,-98.67,-101.07313
154,-88.67,-101.07313
155,-87.0,-101.07313
156,-91.0,-101.07313
157,-89.4,-101.07313
158,-90.67,-101.07313
159,-86.0,-101.07313
160,-95.0,-101.07313
161,-93.0,-101.0671
162,-115.0,-101.027145
163,-100.33,-100.66616
164,-103.75,-100.564674
165,-97.0,-100.638855
166,-98.6,-100.73221
167,-103.17,-100.748795
168,-104.5,-100.8154
169,-99.5,-100.43815
170,-106.0,-101.0158
171,-102.75,-100.99909
172,-115.0,-100.90196
173,-105.5,-98.0117
174,-97.67,-96.607895
175,-96.04,-95.79748
176,-98.0,-99.93617
177,-96.75,-96.12201
178,-99.5,-100.34954
179,-96.0,-97.182
180,-99.0,-100.97707
181,-95.5,-93.51835
182,-96.33,-101.07313
183,-95.67,-101.07313
184,-106.33,-101.07313
185,-88.5,-101.07313
186,-87.0,-101.07313
187,-95.33,-101.07313
188,-83.5,-101.07313
189,-95.0,-101.07313
190,-83.67,-95.52013
191,-83.5,-99.43179
192,-97.5,-97.21705
193,-95.5,-100.06353
194,-82.5,-95.616394
195,-89.0,-101.06728
196,-87.29,-99.281975
197,-88.44,-95.58172
198,-90.67,-99.77806
199,-115.5,-99.61586
200,-81.0,-94.55595
201,-105.5,-101.04312
202,-90.5,-98.10408
203,-93.0,-101.07313
204,-102.2,-101.07313
205,-84.33,-101.07313
206,-79.5,-101.07313
207,-83.5,-101.07313
208,-79.33,-101.07313
209,-82.0,-101.07313
210,-80.0,-101.07313
211,-76.5,-101.07313
212,-86.0,-101.07313
213,-82.0,-101.07313
214,-78.67,-101.07313
215,-79.0,-101.07313
216,-79.33,-101.07313
217,-102.33,-101.07313
218,-80.67,-101.07313
219,-78.5,-101.07313
220,-83.0,-101.07313
221,-84.17,-101.07313
222,-81.2,-101.07313
223,-80.5,-101.07313
224,-76.0,-101.07313
225,-91.67,-101.07313
226,-90.5,-101.07313
227,-92.0,-85.192345
228,-94.33,-92.86414
229,-95.5,-92.59046
230,-79.5,-101.07313
231,-81.67,-101.07313
232,-92.4,-101.07313
233,-84.0,-101.07313
234,-82.0,-101.07313
235,-95.0,-101.07313
236,-83.0,-101.07313
237,-94.0,-101.07313
238,-90.25,-101.07313
239,-87.33,-101.07313
240,-96.5,-101.07313
241,-90.5,-101.07313
242,-85.5,-101.07313
243,-87.0,-101.07313
244,-88.0,-88.52263
245,-95.0,-99.73324
246,-86.67,-100.76998
247,-94.0,-101.06361
248,-91.33,-101.06127
249,-90.0,-99.954865
250,-109.82,-100.84006
251,-92.5,-100.69494
252,-86.0,-99.84755
253,-77.5,-100.71129
254,-97.0,-100.94131
255,-98.38,-100.962006
256,-96.25,-100.081505
257,-93.0,-99.976875
258,-84.75,-100.79225
259,-83.0,-100.796936
260,-77.0,-100.727066
261,-97.5,-100.76633
262,-82.4,-100.77591
263,-97.33,-100.28692
264,-88.75,-101.065704
265,-106.0,-100.9893
266,-107.18,-100.870926
267,-85.0,-100.10209
268,-101.13,-100.812645
269,-79.4,-100.74736
270,-76.67,-100.774666
271,-82.67,-101.07313
272,-86.5,-101.07313
273,-86.0,-101.07313
274,-83.0,-101.07313
275,-89.5,-97.82969
276,-95.0,-94.61331
277,-91.5,-99.15481
278,-121.0,-101.07313
279,-110.75,-101.07313
280,-82.43,-95.20077
281,-91.0,-95.32113
282,-105.0,-101.028786
283,-105.0,-101.015205
284,-88.5,-98.61778
285,-90.5,-99.781685
286,-108.5,-101.07313
287,-108.0,-101.02934
288,-98.18,-100.9907
289,-98.29,-100.71655
290,-97.83,-100.68318
291,-103.75,-100.62593
292,-99.6,-100.58497
293,-105.11,-100.99554
294,-103.0,-97.13266
295,-108.0,-100.820755
296,-80.5,-101.07313
297,-81.5,-101.07313
298,-84.0,-101.07313
299,-84.75,-101.07313
300,-87.0,-101.07313
301,-104.56,-101.07313
302,-84.2,-101.07313
303,-83.0,-101.07313
304,-84.0,-101.07313
305,-96.0,-101.07313
306,-99.09,-100.73281
307,-91.67,-100.98899
308,-92.3,-100.74783
309,-98.0,-100.768936
310,-97.17,-100.71732
311,-102.17,-100.99652
312,-97.33,-100.99055
313,-98.25,-100.82155
314,-96.6,-100.65996
315,-95.67,-100.66782
316,-81.33,-84.42555
317,-82.5,-84.42191
318,-82.5,-91.24643
319,-83.6,-88.70677
320,-84.6,-88.274086
321,-81.75,-88.4012
322,-87.33,-101.07313
323,-90.0,-100.90447
324,-100.83,-100.94279
325,-99.0,-100.91855
326,-99.33,-100.69854
327,-90.0,-100.51723
328,-101.4,-100.63286
329,-92.5,-100.5653
330,-88.67,-98.213066
331,-99.25,-100.59456
332,-90.33,-100.52053
333,-106.6,-100.677704
334,-92.5,-100.66325
335,-91.5,-100.5584
336,-98.33,-97.84761
337,-105.5,-100.9678
338,-87.5,-100.62755
339,-98.0,-101.073105
340,-97.0,-94.34993
341,-94.0,-94.25993
342,-95.63,-94.82139
343,-80.86,-101.07313
344,-80.25,-101.07313
345,-82.33,-101.07313
346,-83.5,-101.07313
347,-105.0,-101.07313
348,-79.29,-101.07313
349,-79.0,-101.07313
350,-82.67,-101.07313
351,-83.5,-101.07313
352,-103.5,-94.79887
353,-97.0,-92.73901
354,-92.33,-85.244705
355,-96.0,-101.07313
356,-92.5,-101.07313
357,-83.0,-101.07313
358,-88.0,-101.07313
359,-92.67,-101.07313
360,-92.67,-100.38741
361,-93.0,-99.50095
362,-92.0,-100.66482
363,-96.25,-99.30193
364,-85.14,-100.68971
365,-106.33,-100.97535
366,-77.67,-100.66482
367,-91.0,-100.38007
368,-80.83,-99.369644
369,-90.57,-100.59506
370,-91.75,-100.61977
371,-80.8,-100.287926
372,-96.67,-100.87815
373,-95.67,-100.90464
374,-102.0,-100.97109
375,-88.0,-99.53811
376,-83.0,-100.83652
377,-102.4,-100.97968
378,-95.0,-101.07313
379,-84.0,-101.07313
380,-94.0,-101.07313
381,-104.33,-100.96121
382,-95.0,-101.071686
383,-89.0,-93.9157
384,-104.0,-100.96189
385,-102.5,-100.94003
386,-87.0,-97.14054
387,-108.5,-100.9358
388,-102.5,-98.551956
389,-99.67,-99.29133
390,-84.5,-101.07313
391,-86.0,-101.07313
392,-82.33,-101.07313
393,-107.5,-101.07313
394,-84.33,-101.07313
395,-80.33,-101.07313
396,-80.75,-101.07313
397,-99.0,-101.07313
398,-83.67,-101.07313
399,-77.5,-101.07313
400,-78.5,-101.07313
401,-74.19,-93.64686
402,-71.75,-94.263985
403,-71.0,-91.702286
404,-95.0,-87.82284
405,-74.5,-85.865654
406,-86.69,-92.91845
407,-77.4,-91.84566
408,-78.75,-90.21278
409,-74.29,-93.03857
410,-71.45,-92.88705
411,-79.48,-91.92696
412,-73.73,-93.60109
413,-68.33,-94.3762
414,-76.6,-87.19161
415,-76.5,-89.42766
416,-75.43,-90.05468
417,-77.0,-93.02618
418,-77.0,-97.87816
419,-91.0,-98.097015
420,-88.0,-88.76329
421,-74.5,-95.23668
422,-82.33,-88.14133
423,-108.5,-100.84507
424,-86.67,-89.75667
425,-95.67,-95.0314
426,-108.5,-100.99939
427,-93.0,-93.98122
428,-89.75,-86.464485
429,-79.8,-101.07313
430,-89.25,-101.07313
431,-81.6,-101.07313
432,-83.33,-101.07313
433,-81.67,-101.07313
434,-81.0,-101.07313
435,-87.0,-101.07313
436,-92.5,-93.93654
437,-88.17,-92.77017
438,-92.67,-93.77302
439,-81.67,-92.565895
440,-91.71,-91.67626
441,-96.75,-100.912865
442,-90.5,-100.80077
443,-107.0,-100.972374
444,-94.71,-100.97844
445,-83.6,-100.721825
446,-108.0,-100.99935
447,-109.86,-100.99217
448,-107.82,-100.98146
449,-101.61,-100.52676
450,-97.5,-100.88165
451,-96.83,-100.99246
452,-87.5,-100.66645
453,-101.06,-100.472694
454,-82.33,-100.74181
455,-91.75,-100.699005
456,-95.0,-100.80242
457,-81.5,-101.07313
458,-103.0,-101.07313
459,-81.0,-101.07313
460,-91.5,-101.07313
461,-87.0,-101.07313
462,-85.5,-101.07313
463,-84.5,-101.07313
464,-89.67,-101.07313
465,-85.5,-101.07313
466,-90.0,-101.07313
467,-87.5,-101.07313
468,-86.0,-101.07313
469,-97.5,-101.07313
470,-82.0,-101.07313
471,-85.83,-101.07313
472,-82.6,-101.07313
473,-83.0,-101.07313
474,-80.25,-101.07313
475,-81.75,-101.07313
476,-97.33,-101.07313
477,-79.5,-101.07313
478,-82.57,-101.07313
479,-82.67,-101.07313
480,-79.0,-101.07313
481,-85.5,-85.58049
482,-70.0,-85.64283
483,-76.71,-89.68212
484,-83.27,-89.01897
485,-76.8,-89.980064
486,-90.21,-95.22996
487,-79.5,-84.43845
488,-81.71,-84.45061
489,-79.75,-88.915695
490,-96.67,-96.82762
491,-83.25,-84.4252
492,-84.2,-84.42781
493,-92.81,-93.35035
494,-73.17,-93.66662
495,-86.67,-96.33295
496,-76.5,-97.01118
497,-92.0,-92.60182
498,-86.0,-101.07313
499,-98.5,-101.07313
500,-89.33,-101.07313
501,-97.5,-101.07313
502,-104.33,-101.03164
503,-106.5,-100.984985
504,-92.25,-99.75959
505,-109.0,-100.89786
506,-104.5,-101.02534
507,-100.5,-97.39528
508,-90.5,-99.465004
509,-100.5,-100.484695
510,-108.0,-100.800385
511,-101.75,-100.39735
512,-103.0,-96.1791
513,-105.0,-98.871124
514,-86.0,-101.07313
515,-88.5,-101.07313
516,-83.5,-101.07313
517,-78.5,-101.07313
518,-88.0,-101.07313
519,-76.0,-89.692154
520,-87.67,-96.413414
521,-77.5,-96.068245
522,-80.5,-85.95178
523,-75.57,-95.260155
524,-80.5,-89.19926
525,-91.33,-93.597885
526,-70.5,-93.52215
527,-77.25,-93.340965
528,-80.14,-89.12644
529,-81.0,-88.74539
530,-91.64,-93.448235
531,-80.0,-88.26345
532,-77.6,-92.976295
533,-79.0,-90.03555
534,-97.5,-95.48127
535,-94.33,-85.46753
536,-77.0,-95.149055
537,-74.14,-95.08253
538,-72.25,-94.70897
539,-77.5,-94.79861
540,-67.0,-98.44563
541,-73.6,-98.88849
542,-102.0,-84.53661
543,-83.5,-101.07313
544,-86.4,-101.07313
545,-81.5,-101.07313
546,-81.5,-101.07313
547,-86.5,-101.07313
548,-93.0,-94.1972
549,-105.67,-100.92889
550,-105.8,-100.92739
551,-97.4,-93.85357
552,-105.5,-101.03743
553,-110.5,-100.973976
554,-102.5,-94.06311
555,-103.0,-99.76724
556,-102.5,-100.94649
557,-90.5,-101.07313
558,-87.67,-101.07313
559,-83.33,-101.07313
560,-87.0,-101.07313
561,-95.0,-101.07313
562,-91.4,-101.07313
563,-88.5,-101.07313
564,-93.0,-101.07313
565,-89.5,-101.07313
566,-89.17,-94.83597
567,-81.25,-95.143555
568,-81.0,-98.60342
569,-96.82,-95.13819
570,-75.67,-94.92493
571,-93.0,-90.97343
572,-83.5,-94.19847
573,-93.25,-91.29117
574,-87.67,-90.78592
575,-90.58,-90.86907
576,-88.67,-91.07694
577,-91.57,-98.54462
578,-100.0,-98.70891
579,-93.15,-100.28693
580,-93.0,-101.06409
581,-83.0,-97.08325
582,-73.0,-100.295494
583,-97.5,-96.78357
584,-83.6,-98.10585
585,-81.8,-100.679085
586,-76.0,-96.806984
587,-112.5,-100.943474
588,-93.0,-99.39019
589,-93.75,-97.914955
590,-79.0,-98.750595
591,-90.0,-100.52368
592,-101.24,-100.848785
593,-101.23,-100.84694
594,-97.33,-101.00137
595,-93.4,-99.025665
596,-97.5,-101.00363
597,-86.0,-99.85071
598,-90.33,-100.59244
599,-93.0,-99.05464
600,-106.92,-100.98015
601,-80.67,-100.6344
602,-100.5,-100.93657
603,-82.75,-99.65922
604,-108.67,-100.99262
605,-106.0,-100.90908
606,-94.75,-100.10464
607,-95.73,-99.41132
608,-98.82,-99.8621
609,-90.0,-100.286995
610,-93.6,-100.379875
611,-86.5,-99.31918
612,-78.0,-100.69405
613,-93.0,-100.5191
614,-99.5,-86.51713
615,-88.0,-94.075516
616,-101.0,-86.003716
617,-84.25,-90.95755
618,-96.33,-92.17174
619,-90.33,-91.41284
620,-83.0,-91.81478
621,-97.13,-93.950485
622,-93.33,-93.561195
623,-90.5,-101.07313
624,-86.0,-101.07313
625,-81.25,-101.07313
626,-124.5,-101.07313
627,-100.5,-100.33951
628,-90.5,-100.59807
629,-95.67,-97.27745
630,-83.8,-100.7255
631,-92.0,-100.92021
632,-99.0,-100.61038
633,-100.5,-100.97489
634,-88.5,-100.66228
635,-93.67,-100.67106
636,-95.0,-100.88827
637,-106.25,-100.973976
638,-101.2,-100.94924
639,-100.5,-100.54305
640,-99.25,-100.552986
641,-95.5,-100.469215
642,-86.33,-100.944916
643,-94.5,-100.93067
644,-88.5,-100.941376
645,-74.71,-90.727005
646,-78.0,-85.26981
647,-93.0,-93.615974
648,-76.0,-85.063194
649,-82.33,-92.98358
650,-79.65,-91.55134
651,-75.93,-91.158516
652,-73.0,-94.54047
653,-84.14,-93.35821
654,-90.5,-93.51903
655,-76.5,-91.21747
656,-81.57,-84.92877
657,-79.5,-94.637825
658,-75.75,-84.971466
659,-81.25,-85.08202
660,-94.0,-94.84946
661,-92.9,-100.61773
662,-91.0,-100.79679
663,-109.0,-101.05274
664,-101.67,-94.28222
665,-103.5,-95.72863
666,-100.5,-95.95344
667,-108.67,-101.07313
668,-100.88,-101.07313
669,-102.5,-101.07313
670,-77.0,-94.23102
671,-78.4,-94.67545
672,-73.71,-96.339935
673,-79.69,-95.86481
674,-79.6,-93.99336
675,-72.0,-95.043884
676,-78.64,-94.38198
677,-75.6,-95.43055
678,-90.5,-94.27053
679,-106.33,-98.36025
680,-110.0,-101.013176
681,-112.6,-100.367874
682,-106.25,-101.021
683,-104.0,-100.99863
684,-102.75,-98.2743
685,-99.0,-88.77397
686,-117.25,-100.19482
687,-102.5,-100.92196
688,-95.5,-96.34519
689,-95.5,-95.04625
690,-83.25,-101.07313
691,-88.33,-101.07313
692,-87.0,-101.07313
693,-98.0,-95.02097
694,-99.73,-93.287384
695,-97.5,-96.45338
696,-99.0,-99.00693
697,-98.5,-98.48478
698,-90.25,-96.79327
699,-76.8,-96.80939
700,-75.6,-96.30576
701,-75.33,-87.60809
702,-78.68,-90.69011
703,-81.25,-95.122215
704,-76.5,-93.30151
705,-81.57,-94.79824
706,-84.83,-95.259
707,-78.67,-90.082726
708,-89.0,-93.05727
709,-68.0,-88.21994
710,-79.0,-84.44248
711,-83.17,-84.428986
712,-91.33,-101.07313
713,-84.5,-101.07313
714,-98.17,-101.07313
715,-94.67,-101.07313
716,-90.25,-101.07313
717,-92.25,-91.11471
718,-98.0,-94.32216
719,-96.67,-93.68422
720,-94.14,-86.14671
721,-93.2,-91.26363
722,-98.75,-94.15946
723,-88.75,-92.365776
724,-87.33,-91.414185
725,-86.33,-93.69715
726,-84.0,-101.07313
727,-80.0,-101.07313
728,-87.0,-101.07313
729,-79.33,-101.07313
730,-82.2,-101.07313
731,-80.0,-100.74498
732,-89.0,-101.062874
733,-95.0,-101.0615
734,-90.2,-101.06523
735,-102.0,-100.99211
736,-92.75,-100.67669
737,-97.0,-100.69569
738,-99.5,-100.3669
739,-110.3,-101.01503
740,-106.0,-101.01233
741,-83.33,-99.702126
742,-97.17,-100.969864
743,-79.75,-99.51027
744,-74.59,-100.105774
745,-80.0,-100.72355
746,-109.32,-100.99584
747,-94.31,-100.72526
748,-92.33,-100.75046
749,-82.5,-100.813225
750,-93.0,-100.19808
751,-93.0,-100.80288
752,-111.5,-100.84311
753,-104.0,-101.07313
754,-104.0,-101.07313
755,-92.5,-100.88603
756,-101.0,-94.072975
757,-103.33,-97.78845
758,-97.1,-99.76435
759,-93.25,-95.560684
760,-94.27,-100.91704
761,-95.0,-100.171364
762,-93.82,-98.130714
763,-97.55,-93.90178
764,-98.0,-95.32839
765,-89.33,-100.97631
766,-107.0,-100.84878
767,-101.67,-100.953156
768,-98.0,-100.03398
769,-93.67,-97.35683
770,-94.67,-100.93271
771,-97.0,-99.10304
772,-105.2,-100.81105
773,-97.25,-100.24957
774,-95.5,-101.07313
775,-93.5,-101.07313
776,-85.33,-101.07313
777,-81.67,-101.07313
778,-89.67,-101.07313
779,-99.8,-101.07313
780,-103.5,-101.07313
781,-83.0,-88.76872
782,-95.0,-89.55343
783,-104.0,-94.357
784,-100.0,-97.430046
785,-82.5,-89.36329
786,-85.6,-84.47992
787,-78.0,-89.273674
788,-85.0,-89.08383
789,-86.8,-84.50209
790,-85.67,-88.8433
791,-89.75,-89.40241
792,-92.17,-89.59455
793,-85.0,-90.6466
794,-87.0,-101.07313
795,-81.33,-101.07313
796,-81.44,-101.07313
797,-83.0,-101.07313
798,-82.33,-101.07313
799,-85.0,-101.07313
800,-86.67,-101.07313
801,-84.5,-101.07313
802,-99.67,-101.07313
803,-99.5,-100.94012
804,-109.33,-101.020485
805,-104.33,-100.97594
806,-97.0,-99.54278
807,-100.5,-99.6765
808,-107.6,-100.88938
809,-105.4,-100.93375
810,-81.33,-97.09186
811,-89.0,-97.425476
812,-87.0,-94.35269
813,-97.0,-99.906494
814,-96.5,-100.81188
815,-103.5,-98.79244
816,-96.0,-101.07313
817,-112.33,-96.429955
818,-108.5,-96.9282
819,-82.0,-92.4213
820,-99.2,-93.01782
821,-96.0,-95.10691
822,-82.43,-92.532394
823,-97.5,-93.21578
824,-91.0,-86.68207
825,-98.0,-93.081825
826,-78.33,-98.96558
827,-100.25,-98.88789
828,-88.5,-96.7079
829,-96.75,-97.03056
830,-73.86,-96.57029
831,-79.0,-98.970276
832,-77.75,-96.72193
833,-100.0,-101.07313
834,-110.0,-101.02015
835,-97.33,-100.835266
836,-95.83,-100.827614
837,-100.0,-100.68211
838,-92.2,-100.99566
839,-99.25,-100.7022
840,-90.83,-100.76282
841,-94.5,-100.99287
842,-94.0,-100.7126
843,-87.5,-100.555336
844,-97.5,-100.83644
845,-79.0,-101.07313
846,-81.67,-101.07313
847,-80.5,-101.07313
848,-79.67,-101.07313
849,-79.67,-101.07313
850,-91.5,-101.07313
851,-82.5,-101.07313
852,-110.0,-101.07313
853,-85.5,-101.07313
854,-84.71,-101.07313
855,-88.6,-101.07313
856,-85.25,-101.07313
857,-83.8,-101.07313
858,-85.0,-101.07313
859,-76.5,-101.07313
860,-82.67,-101.07313
861,-83.67,-92.62262
862,-95.0,-94.4164
863,-83.3,-90.39013
864,-79.55,-91.3325
865,-78.42,-90.88824
866,-81.11,-92.80419
867,-79.13,-91.83579
868,-84.33,-86.04054
869,-84.33,-85.51506
870,-81.43,-93.489136
871,-74.6,-84.95652
872,-78.0,-90.05794
873,-82.5,-90.7819
874,-93.0,-85.23542
875,-76.67,-94.91357
876,-96.5,-84.52519
877,-84.0,-97.76559
878,-106.25,-98.39333
879,-93.0,-100.85049
880,-111.14,-101.01249
881,-91.5,-96.29733
882,-112.33,-100.88095
883,-106.0,-100.91033
884,-98.0,-101.07313
885,-103.57,-101.07313
886,-83.0,-101.07313
887,-93.5,-101.07313
888,-95.0,-101.07313
889,-79.8,-92.11582
890,-88.5,-89.84876
891,-77.25,-84.74786
892,-78.4,-93.08857
893,-91.0,-93.41825
894,-81.0,-88.15425
895,-77.0,-91.27344
896,-91.71,-95.36578
897,-83.79,-92.92922
898,-79.5,-88.59244
899,-76.0,-92.70835
900,-92.2,-100.80447
901,-103.4,-100.64129
902,-93.0,-100.779236
903,-103.5,-100.84486
904,-93.5,-100.7546
905,-105.5,-101.014694
906,-101.83,-100.68317
907,-92.0,-100.725914
908,-91.0,-101.0028
909,-98.0,-101.07307
910,-88.67,-85.60808
911,-89.5,-85.01901
912,-87.4,-85.12117
913,-66.75,-98.77388
914,-88.0,-101.07313
915,-89.75,-101.07313
916,-84.5,-101.07313
917,-84.0,-101.07313
918,-89.0,-101.07313
919,-101.33,-101.07313
920,-92.5,-101.0677
921,-95.0,-94.180534
922,-107.0,-94.459465
923,-102.29,-90.035515
924,-98.67,-94.37181
925,-100.23,-90.72348
926,-98.63,-94.70464
927,-106.24,-100.85963
928,-100.35,-100.83921
929,-107.21,-100.61776
930,-97.5,-100.99993
931,-95.5,-101.064445
932,-88.33,-100.98493
933,-94.0,-100.99748
934,-98.0,-101.007164
935,-99.48,-90.957275
936,-103.0,-98.62515
937,-93.5,-97.62776
938,-91.0,-96.554306
939,-76.0,-94.113106
940,-96.0,-92.47899
941,-89.75,-97.22482
942,-89.67,-97.58664
943,-77.56,-97.05556
944,-87.0,-96.22261
945,-89.5,-99.30343
946,-93.5,-101.07247
947,-106.8,-100.920265
948,-99.5,-101.07178
949,-104.8,-100.93556
950,-98.67,-100.70888
951,-86.5,-100.887856
952,-100.0,-101.028435
953,-109.44,-99.69591
954,-89.0,-100.899315
955,-91.5,-100.90107
956,-102.0,-101.027596
957,-85.33,-101.07313
958,-86.0,-101.07313
959,-92.5,-101.07313
960,-86.5,-101.07313
961,-81.0,-101.07313
962,-85.5,-101.07313
963,-89.5,-93.145645
964,-99.5,-93.65205
965,-101.0,-99.81929
966,-87.0,-94.310265
967,-81.0,-100.266266
968,-94.8,-85.96783
969,-78.0,-94.60601
970,-96.5,-100.79466
971,-92.38,-97.99297
972,-98.67,-97.48274
973,-95.0,-100.74299
974,-96.0,-101.07282
975,-83.0,-101.048996
976,-88.0,-101.045296
977,-96.5,-98.71671
978,-97.5,-99.35734
979,-95.88,-94.65317
980,-97.71,-99.03251
981,-95.0,-99.0722
982,-101.67,-100.85626
983,-99.0,-100.94173
984,-95.33,-99.663216
985,-92.33,-100.93514
986,-100.0,-100.18369
987,-95.67,-101.021484
988,-105.27,-100.56337
989,-90.25,-101.070724
990,-94.67,-101.00407
991,-109.0,-100.877846
992,-97.89,-100.82543
993,-91.0,-100.99248
994,-111.14,-100.90047
995,-99.67,-100.599434
996,-95.83,-100.84889
997,-93.67,-101.00233
998,-98.5,-100.72074
999,-95.78,-100.752335
1000,-97.0,-100.74619
1001,-103.25,-100.8747
1002,-93.0,-100.66141
1003,-93.67,-100.99909
1004,-98.33,-100.86288
1005,-82.25,-101.07313
1006,-82.83,-101.07313
1007,-85.0,-101.07313
1008,-82.5,-101.07313
1009,-80.0,-101.07313
1010,-84.0,-101.07313
1011,-85.5,-101.07313
1012,-93.0,-101.07313
1013,-87.0,-101.07313
1014,-107.0,-101.07313
1015,-81.5,-101.07313
1016,-88.5,-101.07313
1017,-99.33,-100.988266
1018,-98.5,-90.882034
1019,-99.0,-91.679276
1020,-98.5,-100.97376
1021,-98.5,-100.95683
1022,-97.67,-97.69798
1023,-80.67,-101.07313
1024,-80.75,-101.07313
1025,-94.0,-101.072815
1026,-105.0,-101.07313
1027,-83.5,-84.43116
1028,-80.0,-88.12631
1029,-87.2,-94.95492
1030,-85.0,-88.36867
1031,-77.8,-89.036415
1032,-80.22,-84.46293
1033,-85.83,-95.38071
1034,-82.0,-88.334206
1035,-81.0,-84.42791
1036,-86.5,-95.26388
1037,-87.5,-93.76962
1038,-78.6,-89.65201
1039,-83.73,-89.76085
1040,-102.0,-84.4181
1041,-98.33,-101.06804
1042,-87.33,-99.94528
1043,-97.0,-96.52595
1044,-86.6,-99.77242
1045,-95.0,-95.670784
1046,-80.71,-99.57449
1047,-91.75,-100.109146
1048,-88.67,-99.529625
1049,-98.5,-99.83173
1050,-88.33,-101.07313
1051,-95.2,-101.07313
1052,-90.5,-101.07313
1053,-91.5,-101.07313
1054,-99.4,-100.496765
1055,-87.0,-92.07854
1056,-84.5,-91.85688
1057,-80.75,-101.07313
1058,-82.25,-101.07313
1059,-83.0,-101.07313
1060,-80.25,-101.07313
1061,-82.67,-101.07313
1062,-87.5,-101.07313
1063,-90.5,-101.07313
1064,-92.0,-101.07313
1065,-88.67,-101.07313
1066,-83.0,-101.07313
1067,-90.67,-101.07313
1068,-88.5,-101.07313
1069,-88.0,-101.07313
1070,-76.67,-93.24732
1071,-67.25,-95.93719
1072,-79.25,-92.456
1073,-68.4,-87.44306
1074,-70.73,-94.274704
1075,-74.5,-92.972435
1076,-77.14,-90.20306
1077,-92.25,-87.510704
1078,-70.73,-94.4089
1079,-74.75,-92.66788
1080,-83.17,-93.105835
1081,-70.5,-93.56171
1082,-76.3,-91.92116
1083,-73.86,-92.88447
1084,-70.5,-91.83047
1085,-77.13,-91.662766
1086,-74.12,-86.07606
1087,-75.4,-91.43029
1088,-79.4,-89.96559
1089,-80.0,-88.5973
1090,-78.75,-94.52987
1091,-77.5,-88.21095
1092,-97.75,-101.07313
1093,-99.25,-101.07313
1094,-89.0,-101.07313
1095,-87.67,-101.07313
1096,-90.0,-100.52579
1097,-81.8,-101.07313
1098,-85.5,-101.07313
1099,-82.0,-101.07313
1100,-81.33,-101.07313
1101,-85.33,-101.07313
1102,-89.0,-101.07313
1103,-82.6,-101.07313
1104,-82.5,-101.07313
1105,-73.0,-91.98166
1106,-84.5,-88.52013
1107,-78.5,-90.514656
1108,-74.57,-87.724556
1109,-77.25,-89.16277
1110,-71.0,-93.47214
1111,-73.77,-92.56536
1112,-76.0,-93.17406
1113,-69.13,-86.40509
1114,-75.1,-92.02812
1115,-77.2,-91.29001
1116,-78.86,-89.64443
1117,-77.0,-91.45965
1118,-70.5,-94.170334
1119,-76.64,-93.11252
1120,-75.5,-92.65836
1121,-74.5,-93.491104
1122,-70.0,-98.25631
1123,-100.4,-99.02416
1124,-85.0,-99.089554
1125,-93.63,-100.191734
1126,-90.56,-100.16435
1127,-93.0,-97.257965
1128,-90.5,-100.60623
1129,-78.67,-97.533646
1130,-79.75,-97.322365
1131,-83.44,-97.506805
1132,-78.0,-99.16424
1133,-101.67,-98.9174
1134,-94.67,-95.745
1135,-78.0,-89.48873
1136,-95.0,-95.61369
1137,-75.0,-93.22443
1138,-68.67,-93.18917
1139,-83.0,-88.72071
1140,-75.38,-93.29618
1141,-70.5,-93.35321
1142,-71.6,-95.49486
1143,-79.0,-88.76796
1144,-72.8,-93.24551
1145,-91.22,-96.06411
1146,-76.5,-93.71062
1147,-93.83,-93.55914
1148,-80.57,-89.15325
1149,-81.5,-91.56419
1150,-82.5,-101.07313
1151,-101.0,-101.07313
1152,-80.17,-89.052505
1153,-73.5,-97.565315
1154,-78.0,-94.43303
1155,-75.17,-97.290985
1156,-81.0,-90.65296
1157,-65.5,-98.53892
1158,-82.33,-88.59958
1159,-73.55,-92.74911
1160,-72.67,-91.859955
1161,-77.22,-91.57824
1162,-75.0,-93.42162
1163,-72.55,-92.46333
1164,-77.4,-92.82382
1165,-79.25,-91.15192
1166,-80.0,-90.15541
1167,-72.55,-93.242966
1168,-68.9,-93.69709
1169,-68.0,-93.85828
1170,-76.42,-92.138695
1171,-75.45,-93.036095
1172,-72.88,-93.53594
1173,-98.0,-98.015236
1174,-95.33,-95.05047
1175,-97.5,-93.853874
1176,-103.5,-101.01255
1177,-103.75,-100.80153
1178,-97.0,-100.37483
1179,-87.0,-93.72702
1180,-89.5,-98.21325
1181,-77.5,-84.9627
1182,-79.0,-92.61311
1183,-78.2,-85.00066
1184,-76.69,-90.49892
1185,-78.6,-85.79354
1186,-74.79,-91.63296
1187,-75.15,-91.56073
1188,-81.33,-92.76089
1189,-80.11,-90.78894
1190,-96.36,-100.716545
1191,-100.6,-100.65769
1192,-100.0,-100.70304
1193,-95.44,-100.734474
1194,-96.0,-100.858154
1195,-111.0,-101.02792
1196,-101.0,-100.80865
1197,-97.33,-96.94835
1198,-76.5,-94.633446
1199,-69.25,-94.492584
1200,-77.11,-94.580055
1201,-75.25,-95.29656
1202,-75.5,-99.05799
1203,-96.0,-95.92736
1204,-94.0,-89.539856
1205,-80.0,-91.49627
1206,-78.22,-91.908424
1207,-79.29,-92.32216
1208,-87.29,-93.535706
1209,-91.4,-95.54487
1210,-75.0,-92.08619
1211,-80.67,-87.06938
1212,-91.33,-101.07313
1213,-95.0,-101.07313
1214,-80.0,-101.07313
1215,-85.5,-101.07313
1216,-105.0,-101.07313
1217,-97.67,-101.07313
1218,-96.5,-101.07313
1219,-92.67,-101.07313
1220,-93.0,-101.07313
1221,-89.0,-101.07313
1222,-89.67,-101.07313
1223,-94.5,-101.07313
1224,-85.5,-101.07313
1225,-87.0,-101.07313
1226,-88.0,-101.07313
1227,-92.25,-100.33882
1228,-109.46,-100.59913
1229,-96.8,-100.879776
1230,-86.0,-100.75341
1231,-92.75,-100.99897
1232,-94.0,-100.226524
1233,-98.0,-101.06012
1234,-97.0,-100.875496
1235,-104.0,-99.35451
1236,-93.0,-101.07313
1237,-99.4,-100.63787
1238,-113.38,-100.90958
1239,-98.0,-100.70533
1240,-117.0,-100.92266
1241,-98.0,-100.83955
1242,-111.0,-101.02025
1243,-92.5,-101.07313
1244,-82.0,-89.7357
1245,-77.5,-90.00098
1246,-100.5,-91.11242
1247,-99.25,-100.95123
1248,-104.0,-100.961006
1249,-96.33,-98.687
1250,-105.17,-100.9561
1251,-106.0,-100.94733
1252,-88.5,-94.140625
1253,-101.67,-94.00406
1254,-104.0,-99.48299
1255,-92.75,-93.892166
1256,-108.67,-98.79841
1257,-92.33,-99.37468
1258,-87.5,-84.844635
1259,-80.0,-94.4233
1260,-94.0,-93.76508
1261,-76.5,-87.631905
1262,-78.75,-92.16241
1263,-87.0,-101.07313
1264,-88.0,-101.07313
1265,-87.33,-101.07313
1266,-94.5,-101.07313
1267,-92.0,-101.07313
1268,-87.0,-101.07313
1269,-80.0,-101.07313
1270,-77.75,-101.07313
1271,-82.0,-101.07313
1272,-79.57,-101.07313
1273,-110.5,-101.07313
1274,-78.5,-101.07313
1275,-95.33,-101.0714
1276,-92.0,-101.07313
1277,-86.0,-101.07313
1278,-81.5,-101.07313
1279,-87.25,-101.07313
1280,-84.33,-101.07313
1281,-87.0,-101.07313
1282,-89.0,-95.89681
1283,-93.5,-94.09935
1284,-81.75,-101.07313
1285,-80.0,-101.07313
1286,-80.33,-94.757675
1287,-87.5,-95.41414
1288,-86.63,-95.04528
1289,-92.75,-95.73112
1290,-91.18,-95.38933
1291,-86.67,-101.07313
1292,-89.6,-101.07313
1293,-85.0,-101.07313
1294,-88.0,-101.07313
1295,-81.5,-84.435936
1296,-90.4,-94.884384
1297,-81.0,-90.08904
1298,-75.67,-92.31771
1299,-84.56,-95.02638
1300,-81.4,-95.06103
1301,-100.0,-93.54065
1302,-78.5,-88.45694
1303,-84.5,-92.20958
1304,-111.94,-101.02512
1305,-100.17,-101.01419
1306,-109.2,-101.01941
1307,-109.0,-100.89384
1308,-97.5,-101.00533
1309,-110.05,-101.02763
1310,-101.33,-100.60033
1311,-98.0,-100.62879
1312,-98.33,-100.57657
1313,-108.6,-100.87015
1314,-105.5,-100.53562
1315,-91.25,-100.626335
1316,-89.0,-101.07313
1317,-94.5,-101.07313
1318,-90.5,-101.07313
1319,-89.5,-101.07313
1320,-88.33,-101.07313
1321,-87.5,-101.07313
1322,-88.5,-101.07313
1323,-84.5,-101.07313
1324,-88.5,-101.07313
1325,-81.5,-100.70317
1326,-100.0,-100.931725
1327,-100.0,-100.56913
1328,-94.33,-100.517105
1329,-106.0,-100.96094
1330,-99.5,-100.91148
1331,-106.5,-100.946655
1332,-90.17,-100.629486
1333,-110.0,-100.58982
1334,-87.0,-100.870346
1335,-90.0,-100.45592
1336,-78.33,-100.69547
1337,-106.5,-100.9776
1338,-89.0,-101.07313
1339,-84.5,-101.07313
1340,-90.0,-101.07313
1341,-86.67,-101.07313
1342,-99.5,-101.07313
1343,-110.0,-101.07313
1344,-83.5,-101.07313
1345,-81.0,-101.07313
1346,-91.0,-101.07313
1347,-111.5,-96.7289
1348,-106.5,-96.62792
1349,-87.5,-101.07313
1350,-104.63,-101.07313
1351,-103.0,-101.07313
1352,-105.67,-101.07313
1353,-86.25,-101.07313
1354,-105.0,-101.07313
1355,-110.5,-101.07313
1356,-91.0,-101.07313
1357,-106.83,-101.07313
1358,-105.17,-101.07313
1359,-112.0,-101.07313
1360,-86.0,-101.07313
1361,-99.0,-101.07313
1362,-82.0,-101.07313
1363,-89.33,-101.07313
1364,-92.5,-100.69478
1365,-92.5,-97.09715
1366,-83.83,-85.636734
1367,-98.0,-95.34402
1368,-77.83,-84.49347
1369,-75.67,-92.741714
1370,-80.0,-88.66037
1371,-77.42,-89.319664
1372,-90.76,-93.31004
1373,-74.5,-85.76312
1374,-80.75,-84.47682
1375,-78.22,-89.015465
1376,-72.86,-85.80803
1377,-93.33,-95.301956
1378,-82.29,-84.449814
1379,-77.5,-92.82526
1380,-79.5,-92.69255
1381,-99.5,-93.88695
1382,-93.5,-99.972176
1383,-110.0,-100.95442
1384,-90.0,-100.87418
1385,-99.0,-99.24574
1386,-95.55,-98.843864
1387,-97.0,-94.65082
1388,-90.5,-99.77313
1389,-103.5,-99.88199
1390,-82.5,-85.12989
1391,-93.0,-84.90594
1392,-87.0,-85.011215
1393,-94.67,-95.77374
1394,-96.75,-89.71278
1395,-97.64,-90.40293
1396,-90.0,-94.004616
1397,-104.17,-94.19788
1398,-79.0,-101.07313
1399,-84.33,-101.07313
1400,-81.0,-101.07313
1401,-81.5,-101.07313
1402,-87.0,-101.07313
1403,-82.67,-101.07313
1404,-91.5,-99.87026
1405,-83.5,-96.427284
1406,-74.14,-96.611824
1407,-91.0,-96.291595
1408,-89.33,-101.0658
1409,-89.67,-101.067474
1410,-100.2,-99.65704
1411,-90.0,-101.068146
1412,-117.0,-100.80656
1413,-82.5,-97.55863
1414,-74.67,-98.977196
1415,-79.33,-98.06408
1416,-75.0,-97.3615
1417,-94.95,-98.086876
1418,-92.74,-98.31929
1419,-95.0,-97.60003
1420,-78.75,-96.84413
1421,-76.67,-100.46903
1422,-94.17,-98.70376
1423,-89.33,-101.064995
1424,-93.5,-99.11054
1425,-89.0,-101.07313
1426,-96.0,-101.07313
1427,-77.0,-94.51005
1428,-88.0,-99.50412
1429,-97.0,-95.86262
1430,-88.2,-94.46777
1431,-89.56,-99.604866
1432,-78.67,-99.471596
1433,-100.0,-100.74107
1434,-96.67,-101.001175
1435,-94.93,-100.734566
1436,-91.27,-100.75176
1437,-95.43,-100.99121
1438,-92.33,-100.99511
1439,-103.57,-100.99778
1440,-105.0,-100.71811
1441,-87.0,-100.972
1442,-100.0,-100.81089
1443,-93.6,-100.70226
1444,-101.33,-100.99709
1445,-105.0,-101.01507
1446,-85.0,-101.07313
1447,-80.0,-100.212105
1448,-93.33,-100.45898
1449,-112.5,-100.79241
1450,-97.0,-100.54271
1451,-108.42,-100.984795
1452,-92.5,-100.62688
1453,-99.4,-100.959816
1454,-106.5,-100.91724
1455,-85.5,-99.70212
1456,-92.0,-100.45592
1457,-78.5,-99.81322
1458,-97.96,-100.73042
1459,-97.43,-99.67627
1460,-82.33,-99.125404
1461,-105.0,-100.95323
1462,-73.0,-100.72154
1463,-80.0,-100.79614
1464,-77.67,-100.60085
1465,-78.67,-101.07313
1466,-77.0,-101.07313
1467,-80.5,-101.07313
1468,-79.0,-101.07313
1469,-83.0,-101.07313
1470,-85.5,-101.07313
1471,-91.0,-100.99839
1472,-83.0,-87.736
1473,-79.33,-88.06246
1474,-89.33,-101.07313
1475,-85.5,-101.07313
1476,-80.25,-88.22929
1477,-83.75,-89.10273
1478,-79.0,-88.66398
1479,-79.0,-90.14057
1480,-72.75,-86.01825
1481,-78.67,-89.76709
1482,-76.25,-92.471535
1483,-71.0,-95.40568
1484,-75.38,-92.17121
1485,-75.81,-92.737755
1486,-74.31,-94.22505
1487,-80.83,-92.972626
1488,-76.61,-93.9853
1489,-79.71,-89.08906
1490,-71.81,-93.78822
1491,-80.63,-89.03464
1492,-83.0,-97.332634
1493,-87.0,-96.56268
1494,-87.5,-88.1499
1495,-102.0,-101.07313
1496,-82.0,-88.88302
1497,-82.0,-101.07313
1498,-85.33,-90.10669
1499,-97.0,-89.111534
1500,-98.33,-94.64295
1501,-77.29,-88.765854
1502,-90.67,-90.05531
1503,-93.6,-92.05544
1504,-77.0,-88.01123
1505,-80.13,-88.44747
1506,-96.0,-101.07313
1507,-89.0,-101.07313
1508,-98.33,-101.07313
1509,-94.4,-101.07313
1510,-91.5,-101.07313
1511,-89.0,-101.07313
1512,-86.67,-101.07313
1513,-99.45,-101.01733
1514,-111.58,-101.021034
1515,-105.43,-100.914505
1516,-108.0,-100.94646
1517,-95.2,-100.91394
1518,-77.75,-84.419785
1519,-84.67,-88.6378
1520,-93.0,-101.07313
1521,-118.0,-101.07313
1522,-107.0,-101.015305
1523,-95.0,-100.61726
1524,-110.57,-100.725044
1525,-96.5,-100.855034
1526,-89.71,-100.21429
1527,-80.0,-100.85292
1528,-81.75,-100.37815
1529,-98.5,-99.67008
1530,-83.29,-99.54166
1531,-94.12,-100.67408
1532,-85.44,-100.65926
1533,-84.33,-100.46154
1534,-96.45,-100.68454
1535,-92.0,-99.18198
1536,-88.67,-100.69568
1537,-91.38,-100.56846
1538,-107.33,-100.90687
1539,-109.5,-100.90295
1540,-90.0,-100.29321
1541,-92.0,-100.81738
1542,-113.0,-100.97625
1543,-73.33,-88.80399
1544,-75.4,-97.09805
1545,-78.59,-89.78429
1546,-69.78,-93.88054
1547,-76.24,-92.550865
1548,-76.0,-85.365074
1549,-84.43,-84.43672
1550,-86.75,-88.70198
1551,-71.5,-93.921104
1552,-74.93,-92.66772
1553,-76.5,-88.530464
1554,-79.33,-89.43906
1555,-73.0,-93.88598
1556,-70.4,-92.30834
1557,-74.15,-92.36261
1558,-73.75,-92.33095
1559,-80.0,-88.70338
1560,-83.5,-84.42572
1561,-79.17,-88.95762
1562,-77.43,-89.45856
1563,-73.33,-93.91413
1564,-97.0,-101.001945
1565,-102.67,-96.00148
1566,-104.5,-101.05642
1567,-113.0,-101.07313
1568,-109.37,-100.9111
1569,-100.0,-100.92958
1570,-109.5,-100.91989
1571,-105.5,-100.980194
1572,-105.5,-100.99258
1573,-89.78,-93.8387
1574,-95.5,-93.94571
1575,-104.0,-97.48874
1576,-103.67,-101.03794
1577,-119.0,-101.07313
1578,-90.22,-101.07313
1579,-87.83,-101.07313
1580,-88.0,-101.07313
1581,-88.17,-101.07313
1582,-113.6,-101.07313
1583,-90.5,-101.07313
1584,-88.8,-101.07313
1585,-88.0,-101.07313
1586,-90.0,-101.07313
1587,-90.0,-101.07313
1588,-83.5,-101.07313
1589,-96.0,-96.83344
1590,-98.5,-96.78055
1591,-96.0,-95.83282
1592,-94.67,-100.9584
1593,-72.6,-95.88748
1594,-86.33,-100.03401
1595,-92.0,-99.313705
1596,-93.5,-90.57487
1597,-83.5,-94.95991
1598,-86.0,-101.07313
1599,-85.5,-101.07313
1600,-92.5,-101.07313
1601,-82.5,-101.07313
1602,-79.25,-101.07313
1603,-77.33,-101.07313
1604,-80.33,-101.07313
1605,-81.25,-101.07313
1606,-82.57,-101.07313
1607,-83.0,-101.07313
1608,-80.0,-101.07313
1609,-98.33,-101.07313
1610,-92.5,-101.07313
1611,-94.5,-101.07313
1612,-106.0,-100.96347
1613,-100.5,-100.63064
1614,-99.17,-100.65146
1615,-103.91,-100.69323
1616,-93.5,-100.55591
1617,-95.0,-100.557434
1618,-94.5,-100.636566
1619,-99.0,-100.90482
1620,-93.0,-100.591446
1621,-101.0,-100.92155
1622,-101.33,-100.56048
1623,-89.5,-98.09612
1624,-96.5,-101.01121
1625,-89.5,-101.06942
1626,-102.0,-100.92773
1627,-107.33,-100.6821
1628,-92.67,-101.07313
1629,-87.2,-101.07313
1630,-92.67,-101.07313
1631,-90.0,-101.07313
1632,-98.0,-101.07313
1633,-92.33,-101.07313
1634,-103.0,-100.84041
1635,-98.0,-98.3472
1636,-103.8,-101.023865
1637,-110.75,-101.009766
1638,-105.5,-101.01809
1639,-84.0,-101.07313
1640,-81.43,-101.07313
1641,-81.5,-101.07313
1642,-80.0,-101.07313
1643,-94.0,-95.51811
1644,-93.5,-96.66517
1645,-81.38,-88.78684
1646,-72.38,-93.18893
1647,-76.0,-89.38903
1648,-91.94,-93.5191
1649,-68.93,-93.37103
1650,-81.0,-84.43061
1651,-88.5,-93.30643
1652,-78.45,-93.30269
1653,-68.0,-93.409584
1654,-97.5,-93.67044
1655,-88.57,-95.83969
1656,-78.0,-84.43897
1657,-79.0,-88.133125
1658,-87.5,-100.839874
1659,-90.0,-101.046684
1660,-78.0,-94.240166
1661,-84.33,-96.97047
1662,-88.4,-97.48958
1663,-95.5,-96.25029
1664,-99.56,-96.750336
1665,-71.5,-96.46035
1666,-93.75,-97.2667
1667,-98.0,-97.86054
1668,-84.0,-101.07313
1669,-88.6,-101.07313
1670,-86.0,-101.07313
1671,-81.0,-101.07313
1672,-80.5,-101.07313
1673,-81.0,-101.07313
1674,-81.14,-101.07313
1675,-82.33,-101.07313
1676,-96.0,-101.07313
1677,-90.25,-101.07313
1678,-96.0,-101.07313
1679,-99.67,-101.07313
1680,-88.0,-101.07313
1681,-90.33,-101.07313
1682,-90.0,-101.07313
1683,-91.22,-100.449326
1684,-91.0,-100.438095
1685,-92.0,-100.51671
1686,-90.0,-100.23927
1687,-95.0,-98.13016
1688,-83.0,-99.18659
1689,-92.75,-100.360115
1690,-94.0,-98.3166
1691,-90.0,-100.4799
1692,-88.24,-97.82212
1693,-87.4,-98.775024
1694,-98.17,-100.41261
1695,-95.25,-100.54311
1696,-108.0,-101.035126
1697,-108.95,-101.033005
1698,-102.0,-100.98297
1699,-94.0,-99.222374
1700,-93.5,-97.84093
1701,-108.5,-97.36913
1702,-82.5,-85.77749
1703,-90.67,-97.74178
1704,-78.0,-95.742966
1705,-93.36,-95.99266
1706,-77.5,-94.32919
1707,-98.56,-100.77531
1708,-89.67,-94.461555
1709,-92.75,-97.74176
1710,-89.5,-94.47188
1711,-89.75,-96.03547
1712,-97.0,-101.069435
1713,-86.33,-89.904175
1714,-86.5,-100.67235
1715,-96.0,-101.054115
1716,-93.5,-100.67912
1717,-89.0,-100.686485
1718,-88.67,-101.04963
1719,-85.67,-101.07313
1720,-90.5,-101.07313
1721,-85.5,-101.07313
1722,-91.5,-101.07313
1723,-90.6,-101.07313
1724,-93.6,-101.07313
1725,-102.0,-101.07313
1726,-108.0,-101.07313
1727,-98.0,-101.07313
1728,-95.0,-101.07313
1729,-91.5,-101.07313
1730,-87.0,-101.07313
1731,-85.5,-101.07313
1732,-93.5,-101.07313
1733,-91.0,-100.96119
1734,-108.0,-101.07313
1735,-84.14,-101.07313
1736,-81.75,-101.07313
1737,-85.67,-101.07313
1738,-82.0,-101.07313
1739,-81.5,-101.07313
1740,-87.67,-95.545876
1741,-93.92,-95.249245
1742,-78.57,-98.87011
1743,-91.0,-99.405304
1744,-89.5,-94.85016
1745,-69.0,-98.431526
1746,-97.0,-101.07313
1747,-79.5,-101.07313
1748,-84.0,-101.07313
1749,-87.5,-101.07313
1750,-77.0,-101.07313
1751,-87.0,-101.07313
1752,-109.42,-100.64979
1753,-91.0,-100.88493
1754,-95.5,-101.0472
1755,-93.0,-101.05032
1756,-108.0,-100.67965
1757,-89.33,-100.85441
1758,-94.5,-101.02449
1759,-94.0,-98.72459
1760,-97.5,-94.68941
1761,-98.75,-94.551674
1762,-102.75,-94.16723
1763,-96.0,-94.22746
1764,-91.0,-97.92491
1765,-89.0,-96.08055
1766,-123.75,-101.07313
1767,-103.67,-100.950134
1768,-107.43,-100.93235
1769,-100.8,-100.89556
1770,-103.0,-99.07685
1771,-93.0,-100.43946
1772,-94.0,-100.311745
1773,-96.0,-99.22136
1774,-95.8,-98.53142
1775,-105.17,-100.91079
1776,-84.5,-101.07313
1777,-78.5,-101.07313
1778,-82.2,-101.07313
1779,-84.67,-101.07313
1780,-74.33,-101.07313
1781,-86.0,-101.07313
1782,-85.5,-101.07313
1783,-84.4,-101.07313
1784,-79.67,-101.07313
1785,-82.0,-101.07313
1786,-88.0,-101.07313
1787,-80.5,-88.39945
1788,-81.4,-84.42155
1789,-93.5,-101.07313
1790,-79.67,-95.364876
1791,-81.0,-99.28292
1792,-85.5,-97.55315
1793,-87.5,-95.77947
1794,-80.67,-99.6153
1795,-75.5,-88.68059
1796,-99.57,-94.44462
1797,-95.0,-100.12207
1798,-99.46,-98.57796
1799,-94.8,-100.03206
1800,-92.2,-100.990105
1801,-96.75,-100.05964
1802,-99.13,-93.522415
1803,-96.0,-99.44489
1804,-97.0,-94.99646
1805,-106.83,-100.9603
1806,-99.67,-99.69762
1807,-83.5,-92.45891
1808,-85.5,-92.723625
1809,-92.33,-85.25058
1810,-82.0,-85.44896
1811,-100.0,-93.46844
1812,-89.0,-93.34585
1813,-79.0,-90.78572
1814,-83.0,-89.45079
1815,-85.0,-90.8697
1816,-94.5,-89.69965
1817,-88.0,-89.063805
1818,-84.75,-89.31575
1819,-89.33,-89.33221
1820,-86.8,-84.48764
1821,-89.0,-89.271545
1822,-89.0,-89.15118
1823,-81.0,-89.944115
1824,-84.0,-89.00931
1825,-81.0,-88.529465
1826,-81.33,-88.57921
1827,-79.33,-101.07313
1828,-100.5,-93.01571
1829,-79.6,-92.318184
1830,-82.29,-92.625755
1831,-99.0,-93.21762
1832,-102.75,-95.16716
1833,-119.8,-101.07313
1834,-109.8,-101.07313
1835,-99.0,-101.07313
1836,-99.0,-101.07313
1837,-88.67,-101.07313
1838,-89.5,-101.07313
1839,-87.0,-101.07313
1840,-97.0,-101.07313
1841,-87.0,-101.07313
1842,-85.0,-101.07313
1843,-89.67,-101.07313
1844,-121.0,-101.07313
1845,-84.0,-93.494576
1846,-93.5,-91.94837
1847,-96.0,-101.07313
1848,-94.0,-101.07313
1849,-88.0,-88.17105
1850,-100.0,-92.96629
1851,-82.75,-88.40028
1852,-81.0,-88.40465
1853,-81.33,-92.97441
1854,-79.0,-85.094826
1855,-78.73,-90.11422
1856,-77.5,-90.75184
1857,-76.6,-85.2018
1858,-84.55,-85.33091
1859,-80.67,-93.121
1860,-78.1,-91.173485
1861,-76.71,-91.544846
1862,-75.0,-93.5799
1863,-102.0,-92.719734
1864,-86.0,-93.39565
1865,-78.0,-93.581184
1866,-92.5,-101.07313
1867,-81.5,-101.07313
1868,-120.0,-101.07313
1869,-104.0,-101.07313
1870,-104.5,-101.07313
1871,-75.0,-95.249855
1872,-75.0,-95.17113
1873,-74.0,-94.65264
1874,-72.25,-94.01245
1875,-71.75,-94.09191
1876,-80.2,-96.07947
1877,-74.88,-94.54383
1878,-73.9,-96.119705
1879,-104.5,-100.99942
1880,-115.0,-101.00925
1881,-93.0,-100.653114
1882,-89.75,-100.918304
1883,-88.5,-101.06266
1884,-81.5,-100.83285
1885,-93.0,-99.9695
1886,-89.0,-99.54554
1887,-99.2,-100.71218
1888,-97.61,-100.78805
1889,-92.67,-101.06472
1890,-91.0,-99.85073
1891,-108.33,-100.74014
1892,-111.63,-100.98813
1893,-78.25,-100.74966
1894,-99.33,-100.30348
1895,-92.5,-101.061745
1896,-82.6,-100.718254
1897,-95.2,-100.8309
1898,-76.4,-100.79422
1899,-89.67,-100.188644
1900,-98.0,-100.72757
1901,-81.33,-99.95305
1902,-98.0,-100.201775
1903,-105.0,-101.01779
1904,-88.67,-100.9736
1905,-97.75,-101.00015
1906,-92.0,-101.00383
1907,-91.0,-98.14847
1908,-96.57,-100.73405
1909,-95.71,-100.7218
1910,-95.0,-100.751366
1911,-99.79,-100.99386
1912,-96.75,-100.98976
1913,-100.0,-100.74879
1914,-93.0,-100.7152
1915,-100.0,-100.99266
1916,-93.75,-100.99604
1917,-100.5,-101.07313
1918,-95.5,-101.07313
1919,-87.33,-101.07313
1920,-94.0,-101.07313
1921,-89.0,-101.07313
1922,-93.0,-101.07313
1923,-90.83,-101.07313
1924,-93.0,-101.07313
1925,-86.5,-101.07313
1926,-89.0,-101.07313
1927,-90.5,-101.07313
1928,-104.0,-95.22223
1929,-98.6,-98.80634
1930,-98.0,-99.12079
1931,-99.0,-98.30164
1932,-98.53,-98.40975
1933,-91.5,-100.844086
1934,-95.0,-85.2655
1935,-81.4,-85.14244
1936,-82.5,-93.50118
1937,-83.5,-93.22942
1938,-82.6,-93.36992
1939,-79.42,-90.99954
1940,-75.9,-91.47859
1941,-83.8,-93.13833
1942,-78.39,-91.24138
1943,-75.5,-90.80212
1944,-79.5,-93.90024
1945,-75.5,-84.98299
1946,-84.25,-93.639534
1947,-75.71,-90.860725
1948,-88.5,-90.19847
1949,-89.0,-84.50874
1950,-93.33,-101.07313
1951,-108.0,-101.07313
1952,-92.33,-101.07313
1953,-91.5,-101.07313
1954,-85.0,-101.07313
1955,-86.5,-101.07313
1956,-104.67,-100.93172
1957,-85.25,-92.65863
1958,-102.33,-92.80997
1959,-80.5,-85.15791
1960,-88.5,-93.3475
1961,-101.0,-101.0007
1962,-100.5,-101.00747
1963,-98.0,-100.8109
1964,-92.3,-100.994255
1965,-93.0,-100.69464
1966,-91.5,-100.745384
1967,-98.27,-100.73247
1968,-99.0,-100.6997
1969,-94.5,-100.74592
1970,-102.33,-100.994865
1971,-94.5,-100.99265
1972,-95.5,-100.83209
1973,-86.5,-101.07313
1974,-91.5,-101.07313
1975,-85.0,-101.07313
1976,-87.25,-101.07313
1977,-86.75,-101.07313
1978,-93.0,-94.76129
1979,-95.33,-98.6192
1980,-79.44,-88.28079
1981,-91.5,-91.72313
1982,-91.83,-90.61514
1983,-83.5,-88.437515
1984,-80.55,-88.17557
1985,-79.5,-84.45147
1986,-98.0,-95.92362
1987,-98.0,-95.48849
1988,-102.0,-96.396866
1989,-93.5,-94.48317
1990,-78.08,-94.458954
1991,-74.67,-94.60919
1992,-74.6,-94.96055
1993,-100.67,-91.408485
1994,-82.6,-95.28429
1995,-81.33,-101.07313
1996,-79.25,-101.07313
1997,-81.0,-101.07313
1998,-77.25,-101.07313
1999,-82.0,-101.07313
2000,-87.5,-89.27584
2001,-86.25,-89.178665
2002,-88.75,-89.29537
2003,-98.0,-93.93365
2004,-96.0,-94.149445
2005,-90.4,-88.77081
2006,-86.14,-90.20944
2007,-93.33,-88.735504
2008,-89.75,-89.74636
2009,-80.86,-88.78769
2010,-79.0,-84.657585
2011,-80.5,-84.46316
2012,-91.0,-91.58297
2013,-99.67,-101.07313
2014,-98.0,-101.07313
2015,-82.5,-96.15179
2016,-89.67,-101.06685
2017,-78.0,-96.23574
2018,-94.0,-99.84258
2019,-92.75,-101.07313
2020,-85.5,-101.07313
2021,-96.5,-101.07313
2022,-94.0,-101.07313
2023,-90.0,-101.07313
2024,-94.0,-101.07313
2025,-113.5,-101.07313
2026,-100.5,-100.419044
2027,-94.2,-101.066574
2028,-82.0,-100.766266
2029,-85.83,-100.73653
2030,-97.0,-100.615486
2031,-91.43,-100.692955
2032,-94.62,-100.32764
2033,-87.33,-100.33256
2034,-106.66,-100.85149
2035,-108.21,-100.81159
2036,-97.5,-100.3936
2037,-108.4,-100.755516
2038,-105.25,-100.7086
2039,-97.5,-101.00545
2040,-99.17,-100.99368
2041,-97.25,-100.921455
2042,-120.0,-100.99681
2043,-94.33,-101.010796
2044,-100.5,-100.98721
2045,-79.5,-101.07313
2046,-81.0,-101.07313
2047,-79.0,-101.07313
2048,-82.67,-101.07313
2049,-81.0,-101.07313
2050,-79.67,-101.07313
2051,-81.67,-101.07313
2052,-83.5,-101.07313
2053,-79.5,-101.07313
2054,-87.5,-101.07313
2055,-89.5,-101.07313
2056,-94.5,-101.07313
2057,-81.5,-101.07313
2058,-86.0,-101.07313
2059,-88.75,-101.07313
2060,-86.33,-101.07313
2061,-112.0,-101.07313
2062,-88.0,-101.07313
2063,-87.5,-101.07313
2064,-92.0,-101.07313
2065,-90.5,-101.07313
2066,-90.5,-101.07313
2067,-94.33,-101.07313
2068,-86.75,-101.07313
2069,-93.0,-101.07313
2070,-94.0,-101.07313
2071,-103.0,-101.07313
2072,-80.2,-100.79332
2073,-91.67,-99.9817
2074,-82.33,-100.7741
2075,-93.59,-101.06245
2076,-110.33,-101.006096
2077,-95.0,-100.084274
2078,-93.0,-100.95196
2079,-94.4,-99.98169
2080,-86.6,-99.95331
2081,-98.53,-100.80211
2082,-80.83,-100.77156
2083,-82.0,-100.74675
2084,-104.67,-100.78206
2085,-95.67,-100.15807
2086,-108.0,-100.99669
2087,-109.32,-100.86132
2088,-86.0,-100.76985
2089,-76.25,-100.751816
2090,-90.33,-100.25218
2091,-95.5,-101.06488
2092,-79.0,-101.07313
2093,-90.5,-101.07313
2094,-81.0,-101.07313
2095,-80.5,-101.07313
2096,-92.0,-100.97377
2097,-86.5,-101.07313
2098,-84.0,-101.07313
2099,-97.0,-101.07313
2100,-92.5,-101.07313
2101,-105.5,-101.07313
2102,-105.6,-101.07313
2103,-88.5,-101.07313
2104,-98.0,-101.07313
2105,-86.0,-101.07313
2106,-84.5,-101.07313
2107,-102.0,-101.07313
2108,-96.0,-101.07313
2109,-88.5,-101.07313
2110,-89.0,-101.07313
2111,-90.67,-97.17208
2112,-92.0,-100.92157
2113,-108.0,-86.905235
2114,-95.67,-94.05849
2115,-97.67,-93.67168
2116,-86.0,-92.534935
2117,-89.33,-91.274185
2118,-89.0,-84.70789
2119,-91.5,-84.63401
2120,-82.67,-91.81151
2121,-93.0,-101.07313
2122,-86.0,-101.07313
2123,-82.67,-101.07313
2124,-86.75,-101.07313
2125,-87.0,-101.07313
2126,-112.5,-101.07313
2127,-84.33,-101.07313
2128,-85.33,-101.07313
2129,-84.25,-101.07313
2130,-87.0,-101.07313
2131,-99.0,-92.77407
2132,-96.5,-94.32451
2133,-89.5,-101.07313
2134,-95.67,-101.07313
2135,-95.0,-101.07313
2136,-106.5,-100.94344
2137,-94.17,-98.423134
2138,-105.85,-100.94061
2139,-101.88,-100.90586
2140,-97.33,-100.860954
2141,-106.43,-99.56585
2142,-92.5,-98.37401
2143,-97.5,-100.36732
2144,-99.5,-99.20793
2145,-90.5,-95.13385
2146,-94.0,-96.565384
2147,-97.33,-95.667
2148,-99.25,-96.48939
2149,-98.2,-100.78402
2150,-100.4,-95.92073
2151,-97.5,-100.32494
2152,-100.5,-100.54312
2153,-99.67,-100.77507
2154,-87.5,-91.75686
2155,-90.0,-93.89715
2156,-108.86,-100.89476
2157,-110.17,-100.90019
2158,-97.5,-101.02788
2159,-107.0,-101.02557
2160,-104.56,-100.88418
2161,-79.5,-100.81824
2162,-108.75,-100.92285
2163,-114.0,-100.956345
2164,-102.5,-101.005196
2165,-92.25,-101.07313
2166,-90.33,-101.07313
2167,-91.5,-101.07313
2168,-100.0,-101.07313
2169,-95.0,-101.07313
2170,-88.25,-101.07313
2171,-94.2,-101.07313
2172,-92.5,-101.07313
2173,-96.67,-101.07313
2174,-109.11,-100.894264
2175,-108.31,-100.90936
2176,-105.67,-101.02974
2177,-100.0,-101.07256
2178,-95.5,-101.01433
2179,-94.67,-100.85124
2180,-101.33,-100.68753
2181,-115.38,-100.916626
2182,-114.33,-100.89714
2183,-112.55,-101.028076
2184,-97.5,-100.64031
2185,-102.17,-101.017166
2186,-103.5,-99.878494
2187,-95.33,-100.963905
2188,-100.0,-98.30407
2189,-99.17,-96.903625
2190,-104.0,-100.01719
2191,-76.75,-92.41197
2192,-92.0,-95.78457
2193,-78.5,-91.794624
2194,-78.33,-92.07302
2195,-100.0,-93.69889
2196,-90.61,-95.600845
2197,-77.25,-91.62647
2198,-106.33,-94.084984
2199,-107.0,-95.730965
2200,-96.5,-101.073
2201,-99.5,-101.07298
2202,-85.5,-101.04709
2203,-96.0,-101.072845
2204,-94.33,-101.072975
2205,-97.25,-101.07285
2206,-88.0,-101.04734
2207,-101.6,-101.07313
2208,-105.0,-101.07313
2209,-101.17,-91.2698
2210,-86.5,-95.79472
2211,-92.0,-101.07313
2212,-88.5,-101.07313
2213,-86.0,-101.07313
2214,-102.5,-101.07313
2215,-91.29,-96.964294
2216,-81.33,-100.5354
2217,-94.17,-98.86809
2218,-81.5,-99.212555
2219,-81.67,-99.3422
2220,-75.25,-98.95255
2221,-81.17,-97.25963
2222,-86.5,-97.84165
2223,-70.5,-100.23343
2224,-94.0,-101.063095
2225,-94.79,-100.211296
2226,-96.0,-98.81929
2227,-106.2,-99.25852
2228,-94.11,-97.915825
2229,-95.8,-100.32865
2230,-93.9,-98.44704
2231,-89.25,-98.97643
2232,-94.42,-98.476875
2233,-93.19,-98.43238
2234,-88.33,-98.33453
2235,-80.2,-98.79096
2236,-85.2,-100.3841
2237,-90.8,-100.49005
2238,-81.0,-88.81285
2239,-81.17,-89.55709
2240,-76.67,-88.27833
2241,-71.67,-97.183304
2242,-72.0,-95.74487
2243,-76.36,-85.4042
2244,-75.86,-93.95715
2245,-79.0,-92.44369
2246,-74.33,-93.8384
2247,-83.86,-88.82165
2248,-76.0,-89.82096
2249,-81.33,-89.41695
2250,-77.53,-92.26412
2251,-74.62,-92.56892
2252,-84.0,-84.432365
2253,-72.8,-93.82036
2254,-72.0,-94.46351
2255,-72.67,-94.02381
2256,-74.0,-92.18946
2257,-77.8,-88.3672
2258,-79.67,-89.166504
2259,-112.33,-96.83381
2260,-99.5,-101.07313
2261,-94.0,-101.07313
2262,-103.83,-101.07313
2263,-94.5,-101.07313
2264,-92.75,-101.07313
2265,-100.67,-101.07313
2266,-92.6,-92.51026
2267,-86.0,-92.27371
2268,-97.5,-85.11601
2269,-77.5,-101.07313
2270,-78.5,-101.07313
2271,-84.5,-101.07313
2272,-91.5,-94.44341
2273,-91.0,-92.53407
2274,-102.5,-94.01217
2275,-91.0,-91.23315
2276,-88.5,-90.964645
2277,-83.33,-84.57698
2278,-88.4,-84.53222
2279,-96.0,-94.078255
2280,-95.25,-92.79797
2281,-90.0,-89.55289
2282,-81.0,-88.403175
2283,-87.83,-88.73332
2284,-84.43,-88.70595
2285,-84.56,-88.49295
2286,-89.0,-88.89189
2287,-81.5,-89.78601
2288,-86.67,-84.423164
2289,-84.75,-84.42291
2290,-85.5,-91.0316
2291,-84.0,-85.17902
2292,-89.67,-95.10383
2293,-88.5,-94.71094
2294,-80.5,-95.9826
2295,-75.0,-92.090195
2296,-79.15,-90.48765
2297,-76.64,-91.42629
2298,-80.27,-94.01711
2299,-76.18,-90.80579
2300,-77.12,-91.12853
2301,-85.5,-94.46185
2302,-98.33,-97.871346
2303,-87.5,-91.19813
2304,-76.5,-90.006676
2305,-95.25,-95.004814
2306,-87.45,-90.72312
2307,-99.5,-93.77171
2308,-80.0,-89.75325
2309,-76.0,-97.182205
2310,-83.0,-88.43112
2311,-92.5,-95.61474
2312,-87.75,-84.427605
2313,-83.67,-84.42279
2314,-72.5,-97.65121
2315,-84.33,-88.555534
2316,-86.0,-88.49944
2317,-95.71,-95.18988
2318,-87.0,-85.53083
2319,-75.0,-93.74064
2320,-87.0,-93.71054
2321,-80.78,-84.45091
2322,-78.8,-89.350914
2323,-78.21,-89.392
2324,-93.8,-95.46583
2325,-95.0,-96.100845
2326,-77.0,-98.59284
2327,-74.5,-92.96684
2328,-88.0,-101.07313
2329,-85.67,-101.07313
2330,-90.5,-101.07313
2331,-90.0,-101.07313
2332,-83.67,-101.07313
2333,-81.33,-101.07313
2334,-101.0,-101.07313
2335,-83.0,-101.07313
2336,-100.5,-101.07313
2337,-81.5,-101.07313
2338,-101.18,-94.657166
2339,-102.22,-94.659546
2340,-107.33,-98.22131
2341,-80.0,-101.07313
2342,-93.33,-101.07313
2343,-98.33,-101.07313
2344,-87.5,-101.07313
2345,-92.0,-97.05195
2346,-103.0,-100.9607
2347,-108.15,-101.015144
2348,-108.5,-95.08892
2349,-98.43,-99.750725
2350,-99.43,-100.77639
2351,-105.25,-100.945946
2352,-104.6,-101.02282
2353,-98.33,-100.8037
2354,-97.67,-99.123634
2355,-71.5,-97.464195
2356,-103.5,-93.69761
2357,-94.67,-96.64801
2358,-99.0,-94.42051
2359,-96.5,-99.45865
2360,-103.0,-100.52819
2361,-87.67,-99.01115
2362,-92.64,-97.019875
2363,-91.14,-100.54751
2364,-82.5,-101.07313
2365,-82.0,-101.07313
2366,-77.5,-101.07313
2367,-87.5,-101.07313
2368,-87.6,-101.07313
2369,-80.0,-101.07313
2370,-81.5,-101.07313
2371,-82.11,-101.07313
2372,-80.0,-101.07313
2373,-108.36,-100.60073
2374,-93.57,-100.9916
2375,-96.5,-100.89162
2376,-110.63,-100.634186
2377,-99.0,-101.058716
2378,-96.0,-98.380936
2379,-101.5,-100.2883
2380,-95.17,-100.33711
2381,-101.5,-101.03982
2382,-84.0,-89.801186
2383,-82.5,-89.006165
2384,-84.2,-88.54407
2385,-97.5,-94.060875
2386,-97.5,-94.52694
2387,-86.25,-89.84543
2388,-97.67,-88.945496
2389,-84.75,-89.425156
2390,-88.67,-89.89622
2391,-83.0,-88.905716
2392,-85.0,-90.285065
2393,-79.5,-89.11055
2394,-80.5,-84.47646
2395,-106.0,-101.07313
2396,-88.0,-101.07313
2397,-86.0,-101.07313
2398,-105.67,-101.07313
2399,-98.0,-100.9413
2400,-102.33,-100.94102
2401,-94.25,-93.74195
2402,-106.0,-100.97171
2403,-105.0,-100.98327
2404,-106.67,-100.91362
2405,-101.25,-98.96753
2406,-99.5,-97.89318
2407,-99.87,-93.871475
2408,-111.0,-99.98703
2409,-90.0,-97.74419
2410,-95.0,-101.04893
2411,-84.0,-101.05178
2412,-82.5,-101.04558
2413,-75.5,-101.04175
2414,-122.0,-101.07313
2415,-96.0,-101.07313
2416,-92.0,-101.07313
2417,-88.67,-101.07313
2418,-87.33,-101.07313
2419,-83.0,-101.07313
2420,-90.0,-101.07313
2421,-91.0,-101.07313
2422,-89.0,-101.07313
2423,-80.0,-101.07313
2424,-85.83,-101.07313
2425,-81.33,-101.07313
2426,-76.5,-101.07313
2427,-108.67,-101.07313
2428,-106.5,-100.86833
2429,-101.0,-100.895424
2430,-113.82,-101.02431
2431,-108.83,-101.02236
2432,-111.2,-101.02603
2433,-101.25,-100.62045
2434,-111.92,-100.87086
2435,-98.4,-100.862595
2436,-102.0,-101.01936
2437,-96.0,-99.99959
2438,-96.5,-100.648964
2439,-89.5,-101.07313
2440,-91.0,-101.07313
2441,-84.5,-101.07313
2442,-104.33,-101.07313
2443,-127.67,-101.07313
2444,-91.5,-101.07313
2445,-77.33,-84.92772
2446,-86.75,-85.077515
2447,-80.0,-92.95672
2448,-85.33,-85.58046
2449,-73.2,-85.22837
2450,-75.56,-93.16297
2451,-80.33,-90.35389
2452,-78.75,-91.086845
2453,-77.67,-94.5627
2454,-76.27,-91.9461
2455,-76.08,-90.53348
2456,-78.67,-84.89951
2457,-95.5,-101.07313
2458,-97.5,-101.07313
2459,-88.0,-101.07313
2460,-91.67,-101.07313
2461,-83.5,-101.07313
2462,-90.75,-100.65331
2463,-77.67,-101.07313
2464,-82.25,-101.07313
2465,-79.4,-101.07313
2466,-79.75,-101.07313
2467,-92.5,-101.07313
2468,-89.33,-101.07313
2469,-88.0,-101.07313
2470,-91.0,-101.07313
2471,-87.33,-101.07313
2472,-86.5,-101.07313
2473,-86.0,-101.07313
2474,-86.0,-101.07313
2475,-83.5,-101.07313
2476,-99.5,-101.07313
2477,-89.0,-94.300545
2478,-96.0,-96.38268
2479,-104.25,-97.13383
2480,-105.0,-97.230705
2481,-89.0,-93.65106
2482,-84.5,-94.66689
2483,-80.5,-95.69304
2484,-80.4,-84.76687
2485,-92.0,-95.49536
2486,-82.33,-92.39737
2487,-98.0,-101.07313
2488,-97.5,-95.74949
2489,-100.33,-95.95509
2490,-95.2,-85.23527
2491,-73.75,-94.886086
2492,-77.0,-94.819626
2493,-73.18,-94.89093
2494,-67.5,-94.78508
2495,-82.67,-98.71505
2496,-99.17,-84.5027
2497,-113.0,-101.03034
2498,-108.24,-101.02977
2499,-94.0,-100.914474
2500,-110.86,-100.68099
2501,-90.0,-100.87113
2502,-98.0,-100.869484
2503,-80.5,-92.77549
2504,-84.0,-84.95457
2505,-80.5,-89.23365
2506,-78.96,-90.41287
2507,-79.6,-90.87448
2508,-77.21,-92.01486
2509,-76.86,-93.120346
2510,-76.22,-92.32396
2511,-81.23,-94.5048
2512,-76.12,-91.09542
2513,-92.0,-86.5242
2514,-94.33,-94.16733
2515,-101.6,-101.07313
2516,-102.5,-101.07313
2517,-94.0,-101.07297
2518,-93.5,-101.07295
2519,-90.5,-100.91248
2520,-80.0,-101.04377
2521,-85.33,-88.52831
2522,-83.33,-84.419495
2523,-85.0,-89.03558
2524,-111.5,-101.07203
2525,-96.5,-101.07276
2526,-84.5,-95.4731
2527,-76.0,-95.77656
2528,-73.0,-94.415276
2529,-89.5,-92.19821
2530,-93.0,-91.487946
2531,-71.38,-95.910614
2532,-75.8,-94.496765
2533,-79.5,-95.549286
2534,-71.36,-94.18544
2535,-81.0,-89.76229
2536,-82.0,-94.208916
2537,-83.0,-89.75556
2538,-85.5,-84.79485
2539,-85.5,-101.07313
2540,-84.0,-101.07313
2541,-87.0,-101.07313
2542,-87.5,-101.07313
2543,-83.5,-101.07313
2544,-84.2,-101.07313
2545,-91.5,-101.07313
2546,-85.67,-101.07313
2547,-83.0,-101.07313
2548,-97.0,-101.07313
2549,-94.67,-100.478165
2550,-90.5,-100.49122
2551,-85.5,-100.5063
2552,-95.31,-100.25722
2553,-94.0,-100.285614
2554,-87.5,-98.08084
2555,-102.33,-98.99333
2556,-91.0,-98.983406
2557,-94.2,-98.30529
2558,-92.6,-98.72969
2559,-98.33,-100.46776
2560,-84.67,-100.269264
2561,-98.2,-100.71996
2562,-96.85,-100.68171
2563,-93.14,-100.70067
2564,-100.0,-100.69998
2565,-101.33,-100.827545
2566,-98.25,-100.46006
2567,-96.8,-100.8482
2568,-104.0,-100.83242
2569,-95.0,-92.45355
2570,-88.0,-92.59483
2571,-84.0,-93.23404
2572,-79.0,-95.58524
2573,-97.5,-92.73819
2574,-104.5,-94.577286
2575,-94.5,-101.04326
2576,-93.75,-100.66178
2577,-94.67,-100.598175
2578,-94.25,-100.73917
2579,-93.33,-100.77343
2580,-94.0,-101.00641
2581,-99.92,-100.80065
2582,-99.0,-100.86613
2583,-96.33,-100.658
2584,-90.67,-100.80452
2585,-96.75,-100.66204
2586,-101.0,-96.56195
2587,-91.25,-87.50752
2588,-95.57,-94.141136
2589,-104.5,-100.14614
2590,-92.0,-86.92336
2591,-108.5,-100.243195
2592,-101.5,-94.73256
2593,-88.33,-101.07313
2594,-110.0,-101.07313
2595,-99.83,-101.07313
2596,-103.5,-101.07313
2597,-92.0,-101.07313
2598,-78.33,-101.07313
2599,-81.25,-101.07313
2600,-81.63,-101.07313
2601,-94.67,-101.07313
2602,-87.0,-101.07313
2603,-80.25,-101.07313
2604,-95.67,-101.07313
2605,-80.5,-101.07313
2606,-75.5,-101.07313
2607,-83.0,-101.07313
2608,-89.0,-100.66734
2609,-90.4,-100.748726
2610,-107.67,-100.96653
2611,-91.0,-101.06696
2612,-108.87,-100.82916
2613,-95.0,-100.57922
2614,-98.36,-100.42013
2615,-97.0,-100.971306
2616,-101.14,-100.55994
2617,-98.5,-100.99922
2618,-94.0,-100.88366
2619,-107.0,-101.0033
2620,-118.0,-100.99558
2621,-107.25,-100.741806
2622,-103.67,-100.62508
2623,-90.0,-101.06769
2624,-115.0,-101.01272
2625,-113.0,-100.92368
2626,-81.0,-100.86985
2627,-89.29,-100.34953
2628,-101.5,-100.525536
2629,-80.5,-101.07313
2630,-89.0,-101.07313
2631,-89.5,-98.40402
2632,-105.67,-93.47316
2633,-91.5,-91.26007
2634,-82.67,-90.7684
2635,-92.33,-101.07313
2636,-90.09,-100.50035
2637,-91.71,-97.2336
2638,-77.5,-93.778
2639,-94.0,-94.80388
2640,-82.0,-100.71385
2641,-78.5,-100.46901
2642,-90.75,-85.28715
2643,-89.25,-86.26815
2644,-94.22,-85.40046
2645,-93.62,-98.24071
2646,-91.27,-100.8201
2647,-89.0,-94.22304
2648,-102.0,-101.007
2649,-106.5,-100.89808
2650,-104.0,-100.51299
2651,-104.67,-91.47466
2652,-115.8,-100.82722
2653,-100.5,-100.538956
2654,-89.5,-101.07313
2655,-104.0,-101.07313
2656,-82.0,-101.07313
2657,-83.67,-101.07313
2658,-83.0,-101.07313
2659,-88.0,-101.07313
2660,-96.0,-101.07313
2661,-82.33,-101.07313
2662,-94.75,-96.31969
2663,-96.64,-96.00876
2664,-95.0,-97.82092
2665,-96.2,-100.24352
2666,-101.5,-100.982796
2667,-103.33,-100.97986
2668,-85.0,-99.83575
2669,-90.6,-99.70599
2670,-91.27,-95.44804
2671,-84.25,-95.08185
2672,-89.33,-98.153076
2673,-94.5,-94.91749
2674,-77.5,-100.82771
2675,-86.8,-100.72246
2676,-98.5,-100.958405
2677,-93.5,-100.71733
2678,-87.5,-100.851654
2679,-99.89,-100.51905
2680,-103.78,-100.78453
2681,-104.25,-100.98298
2682,-108.14,-100.78534
2683,-75.75,-100.69302
2684,-100.88,-100.48147
2685,-96.43,-100.39824
2686,-94.0,-100.72851
2687,-110.0,-100.903946
2688,-98.5,-100.98636
2689,-85.0,-100.076866
2690,-101.0,-100.50816
2691,-111.0,-100.99097
2692,-109.5,-100.899
2693,-93.67,-100.8955
2694,-97.0,-93.908134
2695,-95.18,-95.49558
2696,-96.57,-99.89117
2697,-97.0,-95.19463
2698,-93.63,-99.59501
2699,-95.77,-98.394295
2700,-98.53,-97.828255
2701,-105.25,-100.9712
2702,-89.5,-94.288475
2703,-95.5,-93.462616
2704,-82.0,-93.266495
2705,-98.5,-94.39878
2706,-85.0,-101.04349
2707,-105.0,-100.92931
2708,-75.0,-100.87277
2709,-103.83,-100.90724
2710,-90.0,-101.05354
2711,-107.67,-101.03026
2712,-86.0,-100.9008
2713,-91.5,-100.91613
2714,-108.0,-99.616646
2715,-95.0,-90.7641
2716,-93.0,-95.97489
2717,-82.33,-97.001915
2718,-89.0,-95.80366
2719,-106.0,-100.969025
2720,-84.5,-101.07313
2721,-89.75,-101.07313
2722,-103.5,-101.07313
2723,-89.5,-92.014885
2724,-90.5,-90.2397
2725,-85.0,-89.81358
2726,-94.0,-101.07313
2727,-80.67,-101.07313
2728,-81.33,-101.07313
2729,-95.67,-101.07313
2730,-82.0,-101.07313
2731,-80.75,-101.07313
2732,-93.0,-101.07313
2733,-101.33,-99.77048
2734,-91.0,-95.42738
2735,-96.17,-100.903076
2736,-101.11,-100.87383
2737,-96.9,-98.351875
2738,-99.0,-98.80628
2739,-98.67,-100.03639
2740,-98.0,-100.03042
2741,-103.33,-100.23326
2742,-88.5,-99.7869
2743,-98.0,-100.3591
2744,-105.67,-100.99695
2745,-91.5,-97.47616
2746,-102.0,-97.72433
2747,-83.6,-101.07313
2748,-81.0,-101.07313
2749,-82.0,-101.07313
2750,-87.0,-95.95321
2751,-95.5,-101.06941
2752,-82.33,-88.757935
2753,-91.25,-89.66475
2754,-96.71,-94.478355
2755,-92.67,-89.767334
2756,-83.0,-88.590385
2757,-85.33,-92.24565
2758,-78.63,-88.91828
2759,-87.5,-84.45601
2760,-80.67,-87.79788
2761,-89.0,-101.07313
2762,-91.0,-101.07313
2763,-93.33,-101.07313
2764,-87.5,-101.07313
2765,-97.2,-101.07313
2766,-92.5,-101.07313
2767,-95.4,-101.07313
2768,-87.0,-101.07313
2769,-92.5,-101.07313
2770,-85.0,-101.07313
2771,-88.67,-101.07313
2772,-92.0,-101.07313
2773,-82.0,-88.9565
2774,-72.67,-96.73333
2775,-78.17,-94.85962
2776,-85.0,-96.98906
2777,-76.89,-92.81022
2778,-76.5,-92.168846
2779,-72.1,-93.76559
2780,-73.83,-94.11935
2781,-74.29,-92.39563
2782,-73.38,-94.07799
2783,-80.67,-90.080635
2784,-82.0,-89.07154
2785,-73.17,-92.61417
2786,-67.0,-91.96149
2787,-78.44,-89.831154
2788,-80.0,-95.57535
2789,-84.71,-89.04523
2790,-74.33,-93.7222
2791,-82.67,-84.42909
2792,-122.5,-101.07313
2793,-117.33,-101.07313
2794,-85.0,-101.07313
2795,-85.0,-101.07313
2796,-87.5,-101.07313
2797,-86.0,-101.07313
2798,-81.0,-101.07313
2799,-81.38,-101.07313
2800,-81.0,-101.07313
2801,-88.0,-101.07313
2802,-80.8,-101.07313
2803,-92.55,-94.71229
2804,-101.0,-94.81863
2805,-94.42,-95.456726
2806,-108.0,-100.60413
2807,-87.67,-95.27503
2808,-90.0,-95.66205
2809,-94.7,-101.07313
2810,-89.33,-101.07313
2811,-93.5,-101.07313
2812,-91.6,-101.07313
2813,-88.0,-101.07313
2814,-90.0,-101.07313
2815,-98.0,-96.46764
2816,-89.5,-92.00552
2817,-76.5,-94.33862
2818,-72.0,-95.50595
2819,-72.0,-94.33422
2820,-80.67,-95.662544
2821,-88.0,-95.50944
2822,-79.57,-94.35763
2823,-76.4,-94.30125
2824,-94.5,-91.81834
2825,-76.5,-95.62471
2826,-82.8,-95.75591
2827,-96.5,-95.77825
2828,-94.67,-92.2943
2829,-88.0,-92.292366
2830,-85.5,-84.91017
2831,-92.0,-92.85666
2832,-103.0,-94.3367
2833,-85.17,-101.07313
2834,-84.75,-101.07313
2835,-86.0,-101.07313
2836,-79.5,-101.07313
2837,-83.33,-101.07313
2838,-107.5,-101.027435
2839,-107.5,-100.98096
2840,-107.5,-101.029755
2841,-107.14,-101.025116
2842,-92.6,-96.679474
2843,-98.0,-99.67993
2844,-99.0,-94.97709
2845,-96.0,-100.694626
2846,-100.0,-100.463455
2847,-106.8,-99.93604
2848,-95.0,-101.072914
2849,-89.5,-95.94052
2850,-76.4,-86.56789
2851,-82.2,-89.71897
2852,-76.0,-89.221375
2853,-92.37,-93.48274
2854,-82.3,-93.24099
2855,-93.78,-85.83886
2856,-71.73,-93.44631
2857,-81.11,-88.86905
2858,-91.67,-93.56547
2859,-88.5,-96.53039
2860,-86.0,-101.07313
